"","CAS","pesticide_MOA"
"1","10004441","fungicides|plant growth regulators"
"2","10007859","herbicides"
"3","1003318679","fungicides"
"4","10043353","(inorganic)"
"5","100561","fungicides"
"6","100646513","herbicides"
"7","100784201","herbicides"
"8","101007061","acaricides|insecticides"
"9","101053","fungicides"
"10","101200480","herbicides"
"11","101205021","herbicides"
"12","101213","herbicides|plant growth regulators"
"13","101279","herbicides"
"14","101428","herbicides"
"15","101463698","acaricides|insecticides"
"16","1014693","herbicides"
"17","1014706","herbicides"
"18","10265926","acaricides|insecticides"
"19","102851069","acaricides|insecticides"
"20","103055078","insecticides"
"21","10311849","acaricides|insecticides"
"22","1031756985","insecticides"
"23","103333","acaricides"
"24","103361097","herbicides"
"25","10380286","fungicides"
"26","104040780","herbicides"
"27","104040791","herbicides"
"28","104098488","herbicides"
"29","104206828","herbicides"
"30","10453868","insecticides"
"31","104653341","rodenticides"
"32","104786870","herbicides|plant growth regulators"
"33","105024666","insecticides"
"34","105512069","herbicides"
"35","105726678","insect repellents"
"36","106040486","herbicides"
"37","10605217","fungicides"
"38","106445","bactericides|fungicides|herbicides"
"39","106467","insecticides"
"40","106700292","herbicides"
"41","106934","insecticides"
"42","107028","herbicides"
"43","107062","insecticides"
"44","107131","insecticides"
"45","1071836","herbicides"
"46","107186","fungicides|herbicides"
"47","107277","fungicides"
"48","1072957711","fungicides"
"49","107493","acaricides|insecticides"
"50","107534963","fungicides"
"51","1076466","herbicides"
"52","108394","bactericides|fungicides|herbicides"
"53","1085989","acaricides|fungicides"
"54","108601","nematicides"
"55","1086028","fungicides"
"56","108623","molluscicides"
"57","108731700","herbicides"
"58","108805","herbicides"
"59","109293983","herbicides"
"60","109944","insecticides"
"61","110235477","fungicides"
"62","110488705","fungicides"
"63","11113807","fungicides"
"64","1113026","acaricides|insecticides"
"65","111353845","herbicides"
"66","11141176","insecticides"
"67","1114712","herbicides"
"68","111479051","herbicides"
"69","111578326","herbicides"
"70","111988499","insecticides|molluscicides"
"71","111991094","herbicides"
"72","1120441","fungicides|insecticides"
"73","112050","herbicides"
"74","112143825","insecticides"
"75","112225873","insecticides"
"76","112226616","insecticides"
"77","112281773","fungicides"
"78","112410238","insecticides"
"79","1129415","acaricides|insecticides"
"80","113036887","acaricides|insecticides"
"81","113136779","plant growth regulators"
"82","113158400","herbicides"
"83","1134232","herbicides"
"84","113484","synergists"
"85","114261","acaricides|insecticides"
"86","114311329","herbicides"
"87","114369436","fungicides"
"88","115297","acaricides|insecticides"
"89","115322","acaricides"
"90","115902","insecticides|nematicides"
"91","116063","acaricides|insecticides|nematicides"
"92","116165","herbicides"
"93","116255482","fungicides"
"94","116290","acaricides"
"95","116714466","insecticides"
"96","117180","fungicides"
"97","1172630","insecticides"
"98","117337196","herbicides"
"99","117428225","fungicides"
"100","117704253","acaricides|insecticides"
"101","117718602","herbicides"
"102","117806","algicides|fungicides"
"103","118134308","fungicides"
"104","118712893","insecticides"
"105","118741","fungicides"
"106","118752","fungicides"
"107","119120","insecticides"
"108","119126157","herbicides"
"109","119168773","acaricides"
"110","119380","insecticides"
"111","119446683","fungicides"
"112","1194656","herbicides"
"113","119515387","insect repellents"
"114","119791412","insecticides"
"115","12001853","fungicides|mammal repellents"
"116","12002038","insecticides|molluscicides|rodenticides"
"117","12002538","insect attractants"
"118","120068373","acaricides|insecticides"
"119","120116883","fungicides"
"120","120162552","herbicides"
"121","120365","herbicides|plant growth regulators"
"122","1203791416","insecticides"
"123","120514","acaricides"
"124","120627","synergists"
"125","12069691","fungicides"
"126","12071839","fungicides|acaricides"
"127","1207727045","insecticides"
"128","120923377","herbicides"
"129","120928098","acaricides|fungicides"
"130","12122677","fungicides"
"131","1214397","plant growth regulators"
"132","121451023","insecticides"
"133","121552612","fungicides"
"134","121755","acaricides|insecticides"
"135","121776338","herbicide safeners"
"136","122008859","herbicides"
"137","122145","insecticides"
"138","122349","algicides|herbicides"
"139","122394","fungicides"
"140","122429","herbicides|plant growth regulators"
"141","1224510295","insecticides"
"142","122453730","acaricides|insecticides"
"143","122454299","molluscicides"
"144","122548338","herbicides"
"145","1228284647","fungicides"
"146","122836355","herbicides"
"147","122883","herbicides|plant growth regulators"
"148","122931480","herbicides"
"149","1229654663","insecticides"
"150","123312890","insecticides"
"151","123331","plant growth regulators"
"152","123343168","herbicides"
"153","123886","fungicides"
"154","12407862","bird repellents|insecticides|mammal repellents|molluscicides"
"155","12427382","fungicides"
"156","124495187","fungicides"
"157","124583","herbicides"
"158","124652","herbicides"
"159","125116236","fungicides"
"160","125225287","fungicides"
"161","125401754","herbicides"
"162","125401925","herbicides"
"163","1255734281","fungicides"
"164","126227","insecticides"
"165","126535157","herbicides"
"166","126750","acaricides|insecticides"
"167","126801589","herbicides"
"168","126833178","fungicides"
"169","127208","herbicides"
"170","127639","acaricides"
"171","12771685","plant growth regulators"
"172","128621727","herbicides"
"173","128639021","herbicides"
"174","129558765","acaricides|fungicides|insecticides"
"175","129630199","herbicides"
"176","129679","algicides|herbicides|plant growth regulators"
"177","129909906","herbicides"
"178","1300716","nematicides"
"179","1303964","herbicides|insecticides"
"180","130561487","plant growth regulators"
"181","1305620","algicides"
"182","13067931","insecticides"
"183","13071799","insecticides|nematicides"
"184","131113","insect repellents"
"185","13121705","acaricides"
"186","131341861","fungicides"
"187","1314847","rodenticides"
"188","131522","fungicides|molluscicides"
"189","1315501188","insecticides"
"190","13171216","insecticides|nematicides"
"191","1317391","fungicides"
"192","131807573","fungicides"
"193","13181174","herbicides"
"194","131860338","fungicides"
"195","131895","acaricides|insecticides"
"196","131929607","acaricides|insecticides"
"197","13194484","insecticides|nematicides"
"198","1319773","bactericides|fungicides|herbicides"
"199","1320189","herbicides"
"200","132274","fungicides"
"201","132661","herbicides"
"202","1327533","acaricides|rodenticides"
"203","133062","fungicides"
"204","133073","fungicides"
"205","1332407","bactericides|bird repellents|fungicides"
"206","1333228","fungicides"
"207","133324","plant growth regulators"
"208","13356086","acaricides"
"209","13360457","herbicides"
"210","1338029","fungicides|insecticides|mammal repellents"
"211","133855988","fungicides"
"212","133904","herbicides"
"213","134098616","acaricides"
"214","134316","bactericides|fungicides"
"215","1344816","fungicides|insecticides"
"216","13457186","fungicides|insecticides"
"217","134605644","herbicides"
"218","134623","insect repellents"
"219","135158542","fungicides|plant activators"
"220","13516273","fungicides"
"221","135410207","insecticides"
"222","135590919","herbicide safeners"
"223","13593038","acaricides|insecticides"
"224","136254","herbicides"
"225","136426545","fungicides"
"226","136458","insect repellents"
"227","13684565","herbicides"
"228","13684634","herbicides"
"229","136849155","herbicides"
"230","137268","bird repellents|fungicides"
"231","137304","bird repellents|fungicides|mammal repellents"
"232","13738631","herbicides"
"233","137417","fungicides|herbicides|nematicides"
"234","137428","fungicides|herbicides|nematicides"
"235","137641055","herbicides"
"236","138164122","herbicides"
"237","138182180","fungicides"
"238","138261413","insecticides"
"239","1390661729","herbicides"
"240","139402","herbicides"
"241","13952846","fungicides"
"242","139528851","herbicides"
"243","139968493","insecticides"
"244","140410","herbicides"
"245","140567","bactericides|fungicides"
"246","140578","acaricides"
"247","14088712","acaricides"
"248","14089431","herbicides"
"249","140896","nitrification inhibitors"
"250","140923177","fungicides"
"251","140932","herbicides"
"252","141037","insect repellents"
"253","141112290","herbicides"
"254","141517217","fungicides"
"255","141662","insecticides"
"256","141776321","herbicides"
"257","1420048","molluscicides"
"258","1420060","molluscicides"
"259","14214892","herbicides"
"260","14235860","bactericides|fungicides"
"261","142459583","herbicides"
"262","14255880","acaricides|insecticides"
"263","142596","algicides|fungicides"
"264","142712","fungicides"
"265","1432140","herbicides"
"266","143339","insecticides|rodenticides"
"267","143390890","fungicides"
"268","143500","insecticides"
"269","143807663","insecticides"
"270","144218","herbicides"
"271","14437173","herbicides"
"272","144490","rodenticides"
"273","144550061","herbicides"
"274","144550367","herbicides"
"275","144627","acaricides"
"276","144651069","herbicides"
"277","144740545","herbicides"
"278","14484641","fungicides"
"279","145026819","herbicides"
"280","145701219","herbicides"
"281","145701231","herbicides"
"282","145733","algicides|herbicides|plant growth regulators"
"283","1468377","herbicides"
"284","14698294","bactericides"
"285","147150354","herbicides"
"286","14816183","acaricides|insecticides"
"287","148477718","acaricides|insecticides"
"288","148798","fungicides"
"289","149508907","fungicides"
"290","149877418","acaricides"
"291","149961524","fungicides"
"292","149979419","herbicides"
"293","150114719","herbicides"
"294","150505","plant growth regulators"
"295","150685","herbicides"
"296","150824478","insecticides"
"297","15096523","This substance is considered by the International Organization for Standardization not to require a common name."
"298","15165670","herbicides"
"299","15165794","plant growth regulators"
"300","152169","acaricides|insecticides"
"301","15263522","insecticides"
"302","15263533","insecticides"
"303","15299997","herbicides"
"304","153233911","acaricides"
"305","153719234","insecticides"
"306","15457053","herbicides"
"307","15545489","herbicides"
"308","155569918","insecticides"
"309","156052685","fungicides"
"310","1563662","acaricides|insecticides|nematicides"
"311","15662336","insecticides"
"312","158062670","insecticides"
"313","1582098","herbicides"
"314","158237071","herbicides"
"315","1596845","plant growth regulators"
"316","15972608","herbicides"
"317","1610179","herbicides"
"318","1610180","herbicides"
"319","161050584","insecticides"
"320","16118493","herbicides"
"321","161326347","fungicides"
"322","163269305","algicides|fungicides"
"323","163515148","herbicides"
"324","163520330","herbicide safeners"
"325","1646884","insecticides|nematicides"
"326","16484778","herbicides"
"327","165252700","insecticides"
"328","16672870","plant growth regulators"
"329","16752775","insecticides"
"330","168316958","acaricides|insecticides"
"331","16893859","insecticides"
"332","1689834","herbicides"
"333","1689845","herbicides"
"334","1689992","herbicides"
"335","1698608","herbicides"
"336","1702176","herbicides"
"337","17109498","fungicides"
"338","1715408","acaricides|insecticides"
"339","173159574","herbicides"
"340","173584446","insecticides"
"341","173662970","fungicides"
"342","17439940","algicides|herbicides|plant growth regulators"
"343","1746812","herbicides"
"344","175013180","fungicides"
"345","175217206","fungicides"
"346","1754581","nematicides"
"347","17606314","insecticides"
"348","177406687","fungicides"
"349","17781316","fungicides"
"350","17804352","acaricides|fungicides|nematicides"
"351","178928706","fungicides"
"352","179101816","insecticides"
"353","181274157","herbicides"
"354","181274179","herbicides"
"355","181587019","insecticides"
"356","18181709","insecticides"
"357","18181801","acaricides"
"358","1836755","herbicides"
"359","183675823","fungicides"
"360","1836777","herbicides"
"361","18530568","herbicides"
"362","18584797","herbicides"
"363","1861321","herbicides"
"364","1861401","herbicides"
"365","18691979","algicides|herbicides"
"366","187166150","insecticides"
"367","187166401","insecticides"
"368","188425856","fungicides"
"369","188489078","herbicides"
"370","18854018","insecticides"
"371","1891958","herbicides"
"372","189278124","fungicides"
"373","1897456","fungicides"
"374","19044883","herbicides"
"375","1910425","herbicides"
"376","1912249","herbicides"
"377","1912261","herbicides"
"378","1918009","herbicides"
"379","1918021","herbicides"
"380","1918112","herbicides"
"381","1918134","herbicides"
"382","1918167","herbicides"
"383","1918189","herbicides"
"384","1928434","herbicides"
"385","1928456","herbicides"
"386","1929733","herbicides"
"387","1929777","herbicides"
"388","1929824","bactericides|nitrification inhibitors"
"389","1929868","herbicides"
"390","1929880","herbicides"
"391","19398131","herbicides|plant growth regulators"
"392","1954810","herbicides"
"393","19666309","herbicides"
"394","1967164","herbicides"
"395","19750959","acaricides|insecticides"
"396","1982474","herbicides"
"397","1982496","herbicides"
"398","1982690","herbicides"
"399","199119589","herbicides"
"400","19937598","herbicides|plant growth regulators"
"401","200509417","herbicides"
"402","2008391","herbicides"
"403","2008415","herbicides"
"404","2008460","herbicides"
"405","2032599","insecticides"
"406","2032657","acaricides|bird repellents|insecticides|molluscicides"
"407","203313251","insecticides"
"408","20354261","herbicides"
"409","2039465","herbicides"
"410","20427592","bactericides|fungicides"
"411","2058460","bactericides"
"412","20762601","fungicides|herbicides"
"413","2079007","fungicides"
"414","208465218","herbicides"
"415","20856579","fungicides"
"416","20859738","rodenticides"
"417","2104645","insecticides"
"418","210631688","herbicides"
"419","21087649","herbicides"
"420","210880925","insecticides (nitroguanidine)
"
"421","2122705","plant growth regulators"
"422","213464778","herbicides"
"423","21564170","fungicides"
"424","21609905","insecticides"
"425","2163806","herbicides"
"426","2164070","algicides|herbicides|plant growth regulators"
"427","2164081","herbicides"
"428","2164172","herbicides"
"429","21689849","herbicides"
"430","21725462","herbicides"
"431","21923239","acaricides|insecticides"
"432","219714962","herbicides"
"433","220899036","fungicides"
"434","2212671","herbicides"
"435","22212551","herbicides"
"436","22224926","insecticides|nematicides"
"437","22248799","acaricides|insecticides"
"438","22259309","acaricides|insecticides"
"439","2227136","acaricides"
"440","2227170","acaricides"
"441","2235258","fungicides"
"442","22431625","insecticides"
"443","2275141","acaricides|insecticides"
"444","22781233","insecticides"
"445","22898017","herbicides"
"446","22936750","herbicides"
"447","22936863","herbicides"
"448","2300665","herbicides"
"449","2302172","herbicides"
"450","23031369","insecticides"
"451","2303164","herbicides"
"452","2303175","herbicides"
"453","2310170","acaricides|insecticides"
"454","23103982","insecticides"
"455","2312358","acaricides"
"456","2312767","acaricides|fungicides|herbicides|insecticides"
"457","23135220","acaricides|insecticides|nematicides"
"458","2317240","herbicides|plant growth regulators"
"459","23184669","herbicides"
"460","23422539","acaricides|insecticides"
"461","23526025","acaricides|insecticides"
"462","23564058","fungicides"
"463","23593751","fungicides"
"464","2385855","insecticides"
"465","239110157","fungicides"
"466","23950585","herbicides"
"467","24017478","acaricides|insecticides|nematicides"
"468","240494706","insecticides"
"469","24096535","fungicides"
"470","24151937","herbicides"
"471","2425061","fungicides"
"472","2425107","insecticides"
"473","24307264","plant growth regulators"
"474","2439001","herbicides"
"475","2439012","acaricides|fungicides"
"476","2439103","fungicides"
"477","243973208","herbicides"
"478","2439998","plant growth regulators"
"479","24579735","fungicides"
"480","2463845","insecticides"
"481","24934916","insecticides"
"482","2497076","acaricides|insecticides"
"483","25057890","herbicides"
"484","25059807","herbicides"
"485","25168154","herbicides"
"486","25168267","herbicides"
"487","25171635","acaricides|insecticides"
"488","25311711","insecticides"
"489","2536314","plant growth regulators"
"490","25366238","herbicides"
"491","2540821","acaricides|insecticides"
"492","2545597","herbicides"
"493","2545600","herbicides"
"494","25545895","plant growth regulators"
"495","25550587","wood preservative"
"496","25606411","fungicides"
"497","256412892","herbicides"
"498","2569019","herbicides"
"499","2593159","fungicides"
"500","25954136","herbicides|plant growth regulators"
"501","2595542","acaricides|insecticides"
"502","2597037","insecticides"
"503","26002802","insecticides"
"504","26087478","fungicides|synergists"
"505","26225796","herbicides"
"506","26259450","herbicides"
"507","2631405","insecticides"
"508","2633547","insecticides"
"509","2636262","insecticides"
"510","2642719","acaricides|insecticides"
"511","2646788","herbicides"
"512","26530201","bactericides|fungicides"
"513","26544207","herbicides"
"514","2655143","insecticides"
"515","2655198","insecticides"
"516","26628228","fungicides|herbicides"
"517","26644462","fungicides"
"518","2674911","acaricides|insecticides"
"519","2675776","fungicides"
"520","26952205","herbicides"
"521","2699798","insecticides"
"522","2702729","herbicides"
"523","272451657","insecticides"
"524","27314132","herbicides"
"525","27355222","fungicides"
"526","27519024","insect attractants"
"527","2758421","herbicides"
"528","2764729","herbicides"
"529","2797515","algicides|herbicides"
"530","28159980","algicides"
"531","2818168","herbicides|plant growth regulators"
"532","28249776","herbicides"
"533","28288053","insecticides"
"534","28300745","insecticides"
"535","283159900","fungicides"
"536","283594901","acaricides|insecticides"
"537","28382152","plant growth regulators"
"538","28434006","insecticides"
"539","28434017","insecticides"
"540","28631358","herbicides|plant growth regulators"
"541","28772567","rodenticides"
"542","2905693","fungicides|plant growth regulators"
"543","29091052","herbicides"
"544","29091212","herbicides"
"545","29104301","acaricides"
"546","2921882","insecticides"
"547","29232937","acaricides|insecticides"
"548","29450451","herbicides"
"549","2961628","herbicides"
"550","2961684","herbicides"
"551","297789","insecticides"
"552","297972","nematicides"
"553","298000","insecticides"
"554","298022","acaricides|insecticides|nematicides"
"555","298044","acaricides|insecticides"
"556","299843","insecticides"
"557","299854","herbicides"
"558","299865","insecticides"
"559","30043493","herbicides"
"560","300765","acaricides|insecticides"
"561","301122","insecticides"
"562","30560191","insecticides"
"563","3060897","herbicides"
"564","3084626","herbicides"
"565","309002","insecticides"
"566","31218834","acaricides|insecticides"
"567","314409","herbicides"
"568","315184","insecticides"
"569","31717870","fungicides"
"570","317815831","herbicides"
"571","31895213","insecticides"
"572","3204271","herbicides"
"573","32534955","herbicides|plant growth regulators"
"574","327980","insecticides"
"575","32809168","fungicides"
"576","330541","algicides|herbicides"
"577","330552","herbicides"
"578","33089611","acaricides|insecticides"
"579","33245395","herbicides"
"580","333200","fungicides|insecticides"
"581","333415","acaricides|insecticides"
"582","3337711","herbicides"
"583","3347226","fungicides"
"584","335104842","herbicides"
"585","33629479","herbicides|plant growth regulators"
"586","33693048","herbicides"
"587","33813206","fungicides"
"588","33820530","herbicides"
"589","3383968","insecticides"
"590","3391864","insect attractants"
"591","33956499","insect attractants"
"592","34014181","herbicides"
"593","34123596","algicides|herbicides"
"594","34256821","herbicides"
"595","3426628","herbicides"
"596","34643464","insecticides"
"597","3478942","fungicides"
"598","348635870","fungicides"
"599","35367385","chemosterilants|insecticides"
"600","35400432","insecticides"
"601","3547339","insect repellents"
"602","35554440","fungicides"
"603","35575963","insecticides"
"604","35597434","herbicides"
"605","3566107","fungicides"
"606","3567257","insecticides"
"607","35691657","fungicides"
"608","3572063","insect attractants"
"609","35832112","herbicides"
"610","36001884","herbicides"
"611","361377299","fungicides"
"612","3615212","herbicides"
"613","36335678","herbicides"
"614","3653483","herbicides"
"615","365400119","herbicides"
"616","36734197","fungicides"
"617","3689245","acaricides|insecticides"
"618","3691358","rodenticides"
"619","37102639","herbicides"
"620","372137354","herbicides"
"621","3740929","herbicide safeners"
"622","374726622","fungicides"
"623","3766276","herbicides"
"624","3766812","insecticides"
"625","3772949","algicides|fungicides"
"626","37764253","herbicide safeners"
"627","38083179","fungicides"
"628","3810740","bactericides|fungicides"
"629","3811492","insecticides"
"630","3813056","herbicides"
"631","38260547","insecticides"
"632","3861414","herbicides"
"633","38641940","herbicides"
"634","38727558","herbicides"
"635","3878191","fungicides"
"636","39148248","fungicides|plant activators"
"637","3926623","herbicides"
"638","39300453","acaricides|fungicides"
"639","3942549","insecticides"
"640","394730713","insecticides"
"641","39515407","insecticides"
"642","39515418","acaricides|insecticides"
"643","39807153","herbicides"
"644","40020017","herbicides"
"645","400852666","herbicides"
"646","400882077","acaricides"
"647","40465665","herbicides"
"648","40487421","herbicides"
"649","40596698","insecticides"
"650","40596803","insecticides"
"651","40843252","herbicides"
"652","4104147","rodenticides"
"653","41096462","insecticides"
"654","41198087","insecticides"
"655","41394052","herbicides"
"656","4147517","herbicides"
"657","41483436","fungicides"
"658","4151502","acaricides|insecticides"
"659","41643350","herbicides"
"660","41814782","fungicides"
"661","420042","herbicides|plant growth regulators"
"662","422556089","herbicides"
"663","42576023","herbicides"
"664","42588374","insecticides"
"665","42874033","algicides|herbicides"
"666","4301502","acaricides"
"667","43121433","fungicides"
"668","43222486","herbicides"
"669","439680769","insecticides"
"670","460195","fungicides|herbicides|insecticides|nematicides"
"671","461585","nitrification inhibitors"
"672","464493","insect repellents"
"673","465736","insecticides"
"674","4658280","herbicides"
"675","4685147","herbicides"
"676","470906","acaricides|insecticides"
"677","4726141","herbicides"
"678","4824786","acaricides|insecticides"
"679","4849325","herbicides"
"680","485314","acaricides|fungicides"
"681","499752","acaricides|fungicides|insecticides|nematicides"
"682","50000","bactericides|fungicides"
"683","500008457","insecticides"
"684","502396","fungicides"
"685","50293","acaricides|insecticides"
"686","50317","herbicides"
"687","504245","avicides|bird repellents"
"688","50471448","fungicides"
"689","50512351","fungicides|insecticides"
"690","50563365","herbicides"
"691","50594666","herbicides"
"692","50657","molluscicides"
"693","50723803","herbicides"
"694","510156","acaricides"
"695","51036","synergists"
"696","51218452","herbicides"
"697","51218496","herbicides"
"698","51235042","herbicides"
"699","51276472","herbicides"
"700","51338273","herbicides"
"701","51596113","acaricides"
"702","51630581","acaricides|insecticides"
"703","51707552","herbicides|plant growth regulators"
"704","517875342","fungicides"
"705","52207484","insecticides"
"706","5221498","acaricides|insecticides"
"707","5221534","fungicides"
"708","52315078","acaricides|insecticides"
"709","5234684","fungicides"
"710","52508357","plant growth regulators"
"711","52517","bactericides"
"712","525791","plant growth regulators"
"713","5259881","fungicides"
"714","52645531","acaricides|insecticides|insect repellents"
"715","52686","acaricides|insecticides"
"716","52756259","herbicides"
"717","52888809","herbicides"
"718","5289747","insecticides"
"719","52918635","insecticides"
"720","53112280","fungicides"
"721","532343","insect repellents"
"722","533233","herbicides"
"723","533744","fungicides|herbicides|nematicides"
"724","53404196","herbicides"
"725","53404232","herbicides|plant growth regulators"
"726","53404312","herbicides|plant growth regulators"
"727","534521","acaricides|fungicides|herbicides|insecticides"
"728","53780340","herbicides|plant growth regulators"
"729","53780362","herbicides|plant growth regulators"
"730","540727","insecticides"
"731","54115","insecticides"
"732","542756","nematicides"
"733","54593838","insecticides"
"734","54648","bactericides|fungicides"
"735","54965218","fungicides"
"736","55179312","fungicides"
"737","55219653","fungicides"
"738","55283686","herbicides"
"739","55285148","insecticides|nematicides"
"740","55290647","plant growth regulators"
"741","55335063","herbicides"
"742","55389","avicides|insecticides"
"743","55406536","fungicides"
"744","55512339","herbicides"
"745","555373","herbicides"
"746","556229","fungicides"
"747","55634918","herbicides"
"748","55635137","herbicides"
"749","556616","fungicides|herbicides|insecticides|nematicides"
"750","55814410","fungicides"
"751","5598130","insecticides"
"752","5598527","insecticides"
"753","56073075","rodenticides"
"754","56073100","rodenticides"
"755","56235","insecticides"
"756","563122","acaricides|insecticides"
"757","56359","fungicides|molluscicides"
"758","56382","acaricides|insecticides"
"759","56425913","plant growth regulators"
"760","56634958","herbicides"
"761","56724","acaricides|insecticides"
"762","56757","bactericides"
"763","57018049","fungicides"
"764","57052047","herbicides"
"765","57067","fungicides|herbicides|insecticides|nematicides"
"766","57213691","herbicides"
"767","57249","avicides|rodenticides"
"768","57369321","fungicides"
"769","57375630","herbicides"
"770","5742176","herbicides"
"771","5742198","herbicides"
"772","5746178","herbicides|plant growth regulators"
"773","57749","insecticides"
"774","57754855","herbicides"
"775","57808658","acaricides|insecticides"
"776","57837191","fungicides"
"777","57921","bactericides|fungicides"
"778","57960197","acaricides"
"779","57966957","fungicides"
"780","58138082","herbicides"
"781","5827054","insecticides"
"782","584792","insecticides"
"783","58842209","insecticides"
"784","58899","acaricides|insecticides"
"785","5902512","herbicides"
"786","590283","herbicides"
"787","5903139","acaricides"
"788","5915413","herbicides"
"789","59669260","insecticides|molluscicides"
"790","59756604","herbicides"
"791","5989275","insecticides"
"792","60168889","fungicides"
"793","60207901","fungicides"
"794","60207934","fungicides"
"795","60515","acaricides|insecticides|nematicides"
"796","60571","insecticides"
"797","6062266","herbicides"
"798","608731","insecticides"
"799","61213250","herbicides"
"800","6164983","acaricides|insecticides"
"801","61825","herbicides"
"802","62384","fungicides|herbicides"
"803","62441547","acaricides|insecticides"
"804","62476599","herbicides"
"805","624920","fungicides|herbicides|insecticides|nematicides"
"806","62732916","fungicides"
"807","62737","acaricides|insecticides"
"808","62748","rodenticides"
"809","62924703","plant growth regulators"
"810","63252","acaricides|insecticides|plant growth regulators"
"811","63333357","rodenticides"
"812","6392467","insecticides"
"813","639587","algicides|fungicides|molluscicides"
"814","640153","acaricides|insecticides"
"815","64249010","herbicides"
"816","644064","insecticides"
"817","64628440","insecticides"
"818","64700567","herbicides"
"819","64902723","herbicides"
"820","650511","herbicides"
"821","65305","insecticides"
"822","65733166","insecticides"
"823","658066354","fungicides|nematicides"
"824","66063056","fungicides"
"825","66215278","acaricides|insecticides"
"826","66230044","insecticides"
"827","66246886","fungicides"
"828","66332965","fungicides"
"829","66423094","herbicides"
"830","66441234","herbicides"
"831","66762","rodenticides"
"832","66819","fungicides|plant growth regulators"
"833","66841256","insecticides"
"834","67129082","herbicides"
"835","67306007","fungicides"
"836","67375308","acaricides|insecticides"
"837","67481","plant growth regulators"
"838","67485294","insecticides"
"839","6753475","herbicides"
"840","67564914","fungicides"
"841","67663","insecticides"
"842","67747095","fungicides"
"843","680319","chemosterilants"
"844","68085858","acaricides|insecticides"
"845","68157608","plant growth regulators"
"846","68359375","insecticides"
"847","68694111","fungicides"
"848","6923224","acaricides|insecticides"
"849","69327760","insecticides"
"850","69377817","herbicides"
"851","69409945","acaricides|insecticides"
"852","6980183","bactericides|fungicides"
"853","69806344","herbicides"
"854","69806504","herbicides"
"855","6988212","insecticides"
"856","70288867","acaricides|insecticides"
"857","70304","acaricides|bactericides|fungicides"
"858","70382","insecticides"
"859","70630170","fungicides"
"860","7085190","herbicides"
"861","709988","herbicides"
"862","71283802","herbicides"
"863","71556","insecticides"
"864","71561110","herbicides"
"865","71626114","fungicides"
"866","71697591","insecticides"
"867","71751412","acaricides|insecticides|nematicides"
"868","72178020","herbicides"
"869","72208","avicides|insecticides"
"870","72435","insecticides"
"871","72459586","fungicides"
"872","72490018","insecticides"
"873","72548","insecticides"
"874","72560","insecticides"
"875","72619320","herbicides"
"876","72850647","herbicide safeners"
"877","7286693","herbicides"
"878","7286842","herbicides"
"879","7287196","herbicides"
"880","7292162","insecticides"
"881","72963725","insecticides"
"882","730979198","herbicides"
"883","731271","fungicides"
"884","732116","acaricides|insecticides"
"885","73250687","herbicides"
"886","7345699","fungicides|insecticides|nematicides"
"887","736994631","insecticides"
"888","74051802","herbicides"
"889","74070465","herbicides"
"890","74115245","acaricides"
"891","741582","herbicides"
"892","74222972","herbicides"
"893","74223646","herbicides"
"894","7446186","rodenticides"
"895","74839","fungicides|herbicides|insecticides|nematicides"
"896","74851","plant growth regulators"
"897","7487947","fungicides"
"898","74884","fungicides|herbicides|insecticides|nematicides"
"899","74908","insecticides|rodenticides"
"900","75092","insecticides"
"901","75150","fungicides|insecticides|nematicides"
"902","75218","insecticides"
"903","75605","herbicides"
"904","75736333","fungicides"
"905","75990","herbicides"
"906","759944","herbicides"
"907","76039","herbicides"
"908","76062","fungicides|insecticides|nematicides"
"909","76222","insect repellents"
"910","7631869","insecticides"
"911","76448","insecticides"
"912","76578126","herbicides"
"913","76578148","herbicides"
"914","7664939","herbicides"
"915","76674210","fungicides"
"916","76738620","plant growth regulators"
"917","7681494","insecticides"
"918","76879","algicides|fungicides|molluscicides"
"919","7696120","insecticides"
"920","7700176","acaricides|insecticides"
"921","7704349","acaricides|fungicides"
"922","77065","plant growth regulators"
"923","77182822","herbicides"
"924","7720787","herbicides"
"925","7723140","rodenticides"
"926","7745893","avicides"
"927","77501634","herbicides"
"928","7758987","algicides|fungicides|molluscicides"
"929","7773060","herbicides"
"930","77732093","fungicides"
"931","7775099","herbicides"
"932","7778441","insecticides|molluscicides"
"933","7782630","herbicides"
"934","7784465","herbicides|insecticides|rodenticides"
"935","7786347","acaricides|insecticides"
"936","78342","acaricides|insecticides"
"937","78488","plant growth regulators|synergists"
"938","78587050","acaricides"
"939","786196","acaricides|insecticides"
"940","78875","insecticides|nematicides"
"941","79118","herbicides"
"942","79196","rodenticides"
"943","79241466","herbicides"
"944","79277273","herbicides"
"945","79319850","bactericides"
"946","79345","insecticides"
"947","79538322","insecticides"
"948","79572","bactericides"
"949","79622596","fungicides"
"950","79983714","fungicides"
"951","8001352","acaricides|insecticides"
"952","8001545","algicides|fungicides"
"953","8003347","insecticides"
"954","80068","acaricides"
"955","8011630","fungicides"
"956","80126","rodenticides"
"957","8018017","fungicides"
"958","8022002","acaricides|insecticides"
"959","80331","acaricides"
"960","80386","acaricides"
"961","8051023","insecticides"
"962","8065369","insecticides"
"963","8065483","acaricides|insecticides"
"964","8065621","insecticides"
"965","80844071","insecticides"
"966","81052291","plant growth regulators"
"967","81334341","herbicides"
"968","81335377","herbicides"
"969","81335775","herbicides"
"970","81405858","herbicides"
"971","81406373","herbicides"
"972","81510830","herbicides"
"973","81591813","herbicides"
"974","81777891","herbicides"
"975","81812","rodenticides"
"976","81823","rodenticides"
"977","81845","herbicide safeners"
"978","82097505","herbicides"
"979","82558507","herbicides"
"980","82560541","insecticides"
"981","82657043","acaricides|insecticides"
"982","82666","rodenticides"
"983","82688","fungicides"
"984","82692442","herbicides"
"985","82697710","plant growth regulators"
"986","83055996","herbicides"
"987","83066880","herbicides"
"988","83121180","insecticides"
"989","83164334","herbicides"
"990","83261","rodenticides"
"991","834128","herbicides"
"992","83465","fungicides|virucides"
"993","83588436","plant growth regulators"
"994","83590","synergists"
"995","83601836","herbicides|plant growth regulators"
"996","83657221","fungicides|plant growth regulators"
"997","83657243","fungicides"
"998","83794","insecticides"
"999","84087014","herbicides"
"1000","841065","herbicides"
"1001","84651","bird repellents"
"1002","84742","insect repellents"
"1003","85007","herbicides"
"1004","85347","herbicides"
"1005","85509199","fungicides"
"1006","858954833","herbicides"
"1007","858956088","herbicides"
"1008","861229154","herbicides"
"1009","86209510","herbicides"
"1010","86479063","insecticides"
"1011","86500","acaricides|insecticides"
"1012","865318974","fungicides"
"1013","865363399","herbicides|plant growth regulators"
"1014","86763475","herbicides"
"1015","86862","plant growth regulators"
"1016","86873","plant growth regulators"
"1017","87130209","fungicides"
"1018","87172","fungicides"
"1019","87237487","herbicides"
"1020","87392129","herbicides"
"1021","874967676","fungicides"
"1022","87514","plant growth regulators"
"1023","87674688","herbicides"
"1024","87683","fungicides"
"1025","87818313","herbicides"
"1026","87820880","herbicides"
"1027","87865","fungicides|herbicides|insecticides|molluscicides|plant growth regulators"
"1028","881685581","fungicides"
"1029","882097","plant growth regulators"
"1030","88349886","herbicide safeners"
"1031","886500","algicides|herbicides"
"1032","88671890","fungicides"
"1033","88857","herbicides"
"1034","89784601","insecticides"
"1035","90035088","rodenticides"
"1036","9006422","fungicides"
"1037","900958","algicides|fungicides|molluscicides"
"1038","9012764","fungicides|plant activators"
"1039","90153","plant growth regulators"
"1040","90437","fungicides"
"1041","90717036","herbicides"
"1042","907204313","fungicides"
"1043","90982324","herbicides"
"1044","91203","insecticides"
"1045","91465086","insecticides"
"1046","91532","fungicides"
"1047","915972177","insecticides"
"1048","919868","acaricides|insecticides"
"1049","92524","fungicides"
"1050","93152","insect attractants"
"1051","935545747","insecticides"
"1052","93652","herbicides"
"1053","93697746","herbicides"
"1054","93721","herbicides|plant growth regulators"
"1055","93765","herbicides"
"1056","93787","herbicides"
"1057","93798","herbicides"
"1058","94051088","herbicides"
"1059","94111","herbicides"
"1060","94125345","herbicides"
"1061","94361065","fungicides"
"1062","943831989","herbicides"
"1063","943832813","herbicides"
"1064","944229","insecticides"
"1065","94746","herbicides"
"1066","94757","herbicides"
"1067","94804","herbicides"
"1068","94815","herbicides"
"1069","94826","herbicides"
"1070","94962","insect repellents"
"1071","950378","insecticides"
"1072","95067","herbicides"
"1073","950782862","herbicides"
"1074","951659408","insecticides"
"1075","95266403","plant growth regulators"
"1076","95465999","insecticides|nematicides"
"1077","95487","bactericides|fungicides|herbicides"
"1078","95501","herbicides"
"1079","95617097","herbicides"
"1080","95737681","insecticides"
"1081","95749","avicides"
"1082","957517","herbicides"
"1083","958647104","fungicides"
"1084","95977290","herbicides"
"1085","959988","insecticides"
"1086","96128","fungicides|nematicides"
"1087","96182535","insecticides"
"1088","96242","rodenticides"
"1089","96489713","acaricides|insecticides"
"1090","96525234","herbicides"
"1091","97110","insecticides"
"1092","97176","insecticides|nematicides"
"1093","97234","algicides|bactericides|fungicides"
"1094","973217","acaricides|fungicides"
"1095","97778","acaricides|fungicides"
"1096","97780068","herbicides"
"1097","97886458","herbicides"
"1098","98011","fungicides|nematicides"
"1099","98243835","fungicides"
"1100","98730042","herbicide safeners"
"1101","98886443","nematicides"
"1102","98967409","herbicides"
"1103","99105778","herbicides"
"1104","99129212","herbicides"
"1105","99283019","herbicides"
"1106","99309","fungicides"
"1107","99387890","fungicides"
"1108","99607702","herbicide safeners"
"1109","999815","plant growth regulators"
