query,cas
3-methyl-L-Valine,471501
3-(Ethylsulfonyl)pyridine-2-sulfonamide,117671019
2-tert-butoxyethanol,7580850
Triisobutylchlorosilane,13154251
Trifluoromethansulfonamide,421852
THBP,1421632
2-[[4-(4-aminophenyl)diazenyl-3-methyl-phenyl]-(2-hydroxyethyl)amino]ethanol,104226213
"2,6,7-trioxa-1-phosphabicyclo[2.2.2]octane-4-methanol, 1-oxide",5301780
P1A,13408565
N-PHENYLIMINODIACETIC ACID,1137731
N-methylmethanesulfonamide,1184856
"Methyl 4-hydroxy-3,5-dimethoxybenzoate",884355
Methyl 3-sulfamoyl-2-thiophenecarboxylate,59337938
"2'-anilino-6'-(N-ethyl-N-hexylamino)-3'-methylspiro(isobenzofuran-1(1H),9'-xanthen)-3-one",70516517
KBR 3023,119515387
F3,27879294
"1-(4-CHLOROPHENYL)-4,4-DIMETHYLPENT-1-EN-3-ONE",1577033
DIMETHYL,74840
"1,6-dihydro-3-hydroxy-1-phenylpyridazin-6-one",1698540
Diethoxyphosphorylmethyl 4-methylphenylsulfonate,31618903
"1,5-diacetylperhydro-1,3,5-triazine-2,4-dione",86320447
DADHP,73009822
CMTD,2921202
Bis(trimethoxysilylpropyl)amine,154608421
BAS 490 F,143390890
"1,18-octadecanedioic acid",98864905
ALZON,28981977
ACFT,117894152
"7-(3-METHYLBUTYL)-1,5-BENZODIOXEPIN-3-ONE",362467672
"(RS)-3-dichloroacetyl-5-(2-furanyl)-2,2-dimethyloxazolidine",121776338
5-Methoxy-2-tetralone,32940151
"5-amino-4,6-dichloro-2-methylpyrimidine",39906042
"4-Hydroxy-3,5-dimethylbenzonitrile",876153
4-(5-methyl-3-phenylisoxazol-4-yl)benzenesulfonamide,181695727
1-phenyl-3H-indol-2-one,3335986
4-fluoro-N-(propan-2-yl)aniline,70441633
LIS,653145
1-Hydroxycyclohexanecarboxylic acid ethyl ester,1127011
HOAT,39968337
"1,3-Diiodo-5,5-dimethyl-imidazolidine-2,4-dione",2232124
"1,2,3-Propanetricarboxylic acid, 2-(1-oxobutoxy)-, 1,2,3-trihexyl ester",82469792
4-Isobutylbenzaldehyde,40150989
Bis(2-methylpropyl)dimethoxysilane,17980324
2-(ethoxymethyl)oxolane,62435716
4-chloro-6-methoxypyrimidine,26452813
METHYL (3-OXO-2-PENTYLCYCLOPENT-1-EN-1-YL)ACETATE,24863705
"3,5,5-trimethylhexanoyl chloride",36727294
"Calcium 3,5,5-trimethylhexanoate",64216155
1-(4-(ACETYLOXY)-3-((ACETYLOXY)METHYL)PHENYL)ETHANONE,24085061
Chlorine dioxide,93085224
Potassium chlorate,7790934
"2-methylpentanedioic acid, dimethyl ester",33514226
2-Chloro-5-chloromethylpyridine,70258183
"Methyl, 3-Trifluoromethylbenzoate",2557133
"butane-1,4-diylbis(oxy-2-hydroxypropane-3,1-diyl) bisacrylate",120026086
tert-pentyl hydroperoxide,3425614
"Resin acids and Rosin acids, calcium salts",13463984
2-Benzylacrylic acid,5669192
(2S)-5-amino-2-{[(2S)-2-aminopropanoyl]amino}-5-oxopentanoic acid,39537230
Zinc dimyristate,16260278
Tantalum,7440257
Sodium dichromate,10588019
3-hydroxy-2-methyl-4-pyrone,118718
Phosphorus tribromide,7789608
Triethoxy(vinyl)silane,78080
Triacetoxyvinylsilane,4130089
Tris(2-methoxyethoxy)vinylsilane,59250021
"N-(dimethylvinylsilyl)-1,1-dimethyl-1-vinylsilylamine",7691023
Geranyl propionate,105908
Allyl propionate,2408200
Sodium bromate,38869759
Sodium chlorate,9011705
"7-chloro-6-fluoro-1-(4-fluorophenyl)-1,4-dihydro-4-oxoquinoline-3-carboxylic acid",98105794
"4-ethyl-1,3-dioxolan-2-one",127128772
"2,4,6,8-tetramethyl-2,4,6,8-tetravinylcyclotetrasiloxane",209249070
2-octyldodecan-1-ol,8039110
2-hexyldecan-1-ol,123897198
3-methoxypropylamine,5332730
2-isopropyl-5-methyl-cyclohexanone,17627495
dimethylditetradecylazanium chloride,10108915
"1,3-Dioxan-2-one",31852843
Tellurium,7783097
Tetrabutylammonium iodide,311284
CAT,119603940
,
